{
  "dependencies": {
    "mssql1": {
      "serviceConnectorResourceId": "/subscriptions/[parameters('subscriptionId')]/resourcegroups/[parameters('serviceConnectorResourceGroupName')]/providers/Microsoft.Web/sites/WebApplication120250506215036/providers/Microsoft.ServiceLinker/linkers/ConnectionStringsDb_DDF4666A01",
      "secretStore": "AzureAppSettings",
      "resourceId": "/subscriptions/[parameters('subscriptionId')]/resourcegroups/[parameters('resourceGroupName')]/providers/Microsoft.Sql/servers/busprojectdbserver/databases/WebApplication1_db",
      "type": "mssql.azure",
      "connectionId": "ConnectionStrings:Db"
    }
  }
}